"Joel,Chris","Joel,Chris","Joel,Chris","Joel,Chris"
"Seward,Matt","Grey,Matt","Happenstance?","Com,Example"
"Name,Fake",,"Jackson,Smith","Sharp,Leviathan"
"May,James","Brannon,Gary",,"Scott,Tom"
"Con,Money","Hammond,Richard","Seat,Chair","Clarkson,Jeremy"
"John,Johnson","John,Johnson","John,Johnson","John,Johnson"
"Jackson,Smith","Name,Fake","Sharp,Leviathan",
"Scott,Tom",,"Brannon,Gary","May,James"
"Hammond,Richard","Clarkson,Jeremy","Con,Money","Seat,Chair"
"Com,Example","Happenstance?","Grey,Matt","Seward,Matt"
"Parker,Matt","Parker,Matt","Parker,Matt","Parker,Matt"
"Brannon,Gary","Scott,Tom","May,James",
"Seat,Chair","Con,Money","Clarkson,Jeremy","Hammond,Richard"
"Happenstance?","Seward,Matt","Com,Example","Grey,Matt"
,"Sharp,Leviathan","Name,Fake","Jackson,Smith"
"Smith,John","Smith,John","Smith,John","Smith,John"
"Clarkson,Jeremy","Seat,Chair","Hammond,Richard","Con,Money"
"Grey,Matt","Com,Example","Seward,Matt","Happenstance?"
"Sharp,Leviathan","Jackson,Smith",,"Name,Fake"
,"May,James","Scott,Tom","Brannon,Gary"
